Name,Services,"<img class=""linkstatus"" src=""https://s5.postimg.cc/owytkvhmv/alive_or_dead.png"" title=""Link Status!"" width=""20"" height=""20"">"
"<a href=""https://developer.valvesoftware.com/"" target=""_blank"">VDC</a>",The Valve Developer Community is the official Source SDK Documentation,[livelink /]
"<a href=""http://twhl.info/"" target=""_blank"">TWHL</a>","Source, GoldSrc tutorials, active forums, friendly community",[livelink /]
"<a href=""http://www.moddb.com/"" target=""_blank"">Moddb</a>","Huge Database of Mods, tools and tutorials, thriving community and useful rating system",[livelink /]
"<a href=""http://articles.thewavelength.net/"" target=""_blank"">Wavelength</a>","Source, GoldSrc tutorials, inactive forums, mostly defunct, use the wayback machine to get some missing pages",[livelink /]
"<a href=""http://www.snarkpit.net/"" target=""_blank"">The Snarkpit</a>","Host for maps, tools and tutorials, active community",[livelink /]
"<a href=""https://web.archive.org/web/20110218104122/http://www.petesplace.id.au/coding/"" target=""_blank"">Petes Place</a>",Old coding tutorials,[deadlink /]
"<a href=""http://www.design3.com/training-center/engines-sdks/source/"" target=""_blank"">Design 3 (Noesis)</a>",Big collection of high quality Source engine tutorials (paid),[livelink /]
"<a href=""http://www.halfwit-2.com/"" target=""_blank"">Halfwit 2</a>","HL2 mapping and tutorials, general information",[livelink /]
"<a href=""http://www.interlopers.net/"" target=""_blank"">Interlopers</a>","HL2 News, Tutorials and forum with a thriving community",[livelink /]
"<a href=""http://www.type3studios.com/forum2/"" target=""_blank"">Type 3 studios</a>",Source Engine mapping and tutorials,[livelink /]
"<a href=""http://www.chaosincarnate.net/cannonfodder/cftools.htm"" target=""_blank"">Chaosincarnate</a>",Tools and Tutorials for Source Modding,[livelink /]
"<a href=""http://nemesis.thewavelength.net/"" target=""_blank"">Nems Tools</a>",Extremely useful tools for Source modding,[livelink /]
"<a href=""http://www.wunderboy.org/"" target=""_blank"">Wunderboy</a>",Very useful Tools and Tutorials for Source Modding,[livelink /]
"<a href=""http://www.wallworm.com/"" target=""_blank"">Wallworm</a>",Modeling tools for Max,[livelink /]
"<a href=""http://www.thesteamcast.com/"" target=""_blank"">Steamcast</a>",Great collection of Podcasts on everything VALVe,[livelink /]
"<a href=""http://www.podcast17.com/"" target=""_blank"">Podcast 17</a>","Another great collection of podcasts on anything steam, valve or source related",[livelink /]
"<a href=""http://www.tophattwaffle.com/"" target=""_blank"">tophattwaffle</a>",Excellent tutorials on Source mapping,[livelink /]
"<a href=""http://www.facepunch.com/"" target=""_blank"">Facepunch</a>",Great website with plenty of tutorials many of which focus on Garrys mod but none the less a very useful website,[livelink /]
"<a href=""http://www.lambdageneration.com/"" target=""_blank"">LambdaGeneration</a>",A great community fan website for all things Valve related with a primary focus on that which is Half life. Gives great exposure for new mods.,[livelink /]
"<a href=""http://www.runthinkshootlive.com/"" target=""_blank"">Run Think Shoot Live</a>","A great community website for all things valve related. Focused on mods, tutorials and the expression of the community. Previously known as Planet Phillip.",[livelink /]
"<a href=""https://web.archive.org/web/20070107054458/http://ahlmd.planet-action.com/"" target=""_blank"">Action Half-Life</a>",Useful maps and Tutorials (use the wayback machine to navigate),[deadlink /]
"<a href=""http://www.slackiller.com/"" target=""_blank"">Slackiller</a>","Tutorials, textures and maps for Source",[livelink /]
"<a href=""http://www.countermap2.com/"" target=""_blank"">Counter Map</a>",Useful maps and Tutorials for CS 1.6 and CS:S,[livelink /]
"<a href=""http://www.valvetime.net/"" target=""_blank"">Valvetime</a>",Great source of news on everything Valve related.,[livelink /]
"<a href=""http://www.hl2mods.co.uk/"" target=""_blank"">Half-Life 2 Mods</a>",A collection of all known mods for HL2,[livelink /]
"<a href=""http://web.archive.org/web/20150905070917/http://rvanhoorn.ruhosting.nl/optimization.php?"" target=""_blank"">Rvanhoorn</a>",Half-Life 2 Map Editing Optimization Guide,[deadlink /]
"<a href=""https://web.archive.org/web/20050214021739/http://www.hl2world.com/wiki/index.php/Main_Page"" target=""_blank"">hl2world</a>",No longer exists but was once the defacto source of tutorials for HL2 Modding,[deadlink /]
"<a href=""http://combineoverwiki.net/wiki/Main_Page"" target=""_blank"">Combine OverWiki</a>",Comprehensive information on Half-life and Portal,[livelink /]
"<a href=""http://www.thewall.de/"" target=""_blank"">The Wall</a>",German Mapping community with a wealth of Tutorials,[livelink /]
"<a href=""http://www.worldofleveldesign.com/articles.php"" target=""_blank"">World of Level Design</a>",Tutorials on Mapping for many platforms,[livelink /]
"<a href=""http://www.hl-improvement.com/forums/"" target=""_blank"">HL Improvement</a>",Thriving Modding Community,[livelink /]
"<a href=""http://planethalflife.gamespy.com/"" target=""_blank"">Planet Half-Life</a>","Once one of the greatest sources for everything HL2, is now shutdown with Gamespys closure",[livelink /]
"<a href=""http://halflife2.filefront.com/"" target=""_blank"">Halflife2.filefront</a>",Huge collection of downloads for Half Life and Source,[livelink /]
"<a href=""http://therazzerapp.com/Tutorials.html"" target=""_blank"">The Razzer Tutorials</a>",Tutorials for Source mapping (Deutsch),[livelink /]
"<a href=""http://www.game-edit.org/"" target=""_blank"">Game Edit</a>",Few small tutorials on HL1 mapping,[livelink /]
"<a href=""http://www.halflifezone.net"" target=""_blank"">Half Life Zone</a>",Small site for Half life related content,[livelink /]
"<a href=""http://am.half-lifecreations.com/"" target=""_blank"">Half-Life Arrangement</a>",Few small tutorials for Source,[livelink /]
"<a href=""http://web.archive.org/web/20061105150731/http://collective.valve-erc.com/"" target=""_blank"">VERC</a>","VERC Collective (Valve Editing Resource Center) website no longer exists but can be traversed on the wayback machine, Predecessor to VDC",[deadlink /]
"<a href=""http://the303.org/"" target=""_blank"">The 303</a>",Tutorials for Source,[livelink /]
"<a href=""http://ubermicro.proboards.com/"" target=""_blank"">Ubermicro</a>",Community of tutorials on mapping and modding,[livelink /]
"<a href=""http://members.shaw.ca/halflifestory/"" target=""_blank"">Half Life Saga</a>",not useful for modders but a must read for those interested in the half-life Universe,[livelink /]
"<a href=""http://hl.loess.ru/"" target=""_blank"">hl.loess</a>",Very useful list of mods for Half Life,[livelink /]
"<a href=""http://www.half-lifecreations.com/"" target=""_blank"">Half-Life Creations</a>",Useful Community for modding tutorials,[livelink /]
"<a href=""http://www.gamebanana.com/"" target=""_blank"">Game Banana</a>",One of the original game modding websites (previously known as FPS Banana),[livelink /]
"<a href=""https://web.archive.org/web/20080906094222/http://www.sdknuts.net/"" target=""_blank"">SDK Nuts</a>",One of the older HL2 modding websites,[deadlink /]
"<a href=""https://www.mapcore.org/"" target=""_blank"">Map Core</a>",Legendary Half-life Based Mapping Resource with a Vibrant community,[livelink /]
"<a href=""http://www.isolated-design.de/tutorials/"" target=""_blank"">isolated-design.de</a>",A good resource for GoldSrc modding tutorials,[livelink /]
"<a href=""http://www.gaming-models.de/index.php/models"" target=""_blank"">Gaming-Models.de</a>",Download free models for use in your mods,[livelink /]
"<a href=""https://sfmlab.com/"" target=""_blank"">SFMLab</a>",Download free models for use in your Source Filmmaker shorts,[livelink /]
"<a href=""https://web.archive.org/web/20071011021122/http://www.editlife.net/"" target=""_blank"">EditLife</a>","One of the older sites dedicated to mapping and resources. No longer live <img src=""https://www.sourcemodding.com/wp-includes/images/smilies/frownie.png"" alt="":("" class=""wp-smiley"" style=""height: 1em;max-height: 1em"" />",[deadlink /]
"<a href=""http://web.archive.org/web/20150215154658/http://www.csm2.net/"" target=""_blank"">Counter Server Maps</a>",Another unfortunately dead resource that supplied plenty of downloads and tutorials,[deadlink /]
"<a href=""http://web.archive.org/web/20040128074816/http://www.csvelocity.com/"" target=""_blank"">CS:Velocity</a>",Once another vibrant community from the Counter Strike golden days,[deadlink /]
"<a href=""http://web.archive.org/web/20141217035342/http://egir.dk/"" target=""_blank"">EGIR.DK</a>",Provided a vibrant forum and tutorial collection back in the day,[deadlink /]
"<a href=""http://www.themightyatom.nl/"" target=""_blank"">The Mighty Atom</a>",Great little selection of some of the harder to find resources on Half-life,[livelink /]
"<a href=""http://www.kupoartist.eclipse.co.uk/gman/extra.htm"" target=""_blank"">Arbitrary Imposition</a>",Site dedicated to the Gman and his sightings,[livelink /]
"<a href=""http://fpsleveldesign.blogspot.de/"" target=""_blank"">Level Design Theory</a>",Blog documenting single player map creation for Half-Life 2 and other Source Games,[livelink /]
"<a href=""http://web.archive.org/web/20080715094608/http://www.city17.ru/"" target=""_blank"">CITY17.RU</a>","Another unfortunate victim of disregard, CITY17.ru was a great site dedicated to everything Half-life.",[deadlink /]
"<a href=""https://hylobatidae.org/modmatic/"" target=""_blank"">ModMatic</a>",Mod review site from the developer of Minerva,[livelink /]
"<a href=""http://www.hlcomic.com/"" target=""_blank"">Half-Life Comic</a>",Comical take on the Half-Life Universe,[livelink /]
"<a href=""http://web.archive.org/web/20140623051521/http://www.amphibian.myzen.co.uk/home/"" target=""_blank"">Amphibian Mods</a>","Another great resource for modding, unfortunately lost in Valvetime ",[deadlink /]
"<a href=""http://web.archive.org/web/20080307115830/http://www.stealthhouse.net/index.php"" target=""_blank"">Half-Life Museum</a>","A good break down of Half-Life and Half-Life 2, unfortunately it is no longer live. ",[deadlink /]
"<a href=""http://web.archive.org/web/20150118142232/http://tenfourmaps.telefragged.com/php/main.php"" target=""_blank"">TenFour</a>",Once a great review site.,[deadlink /]
"<a href=""http://www.hlfallout.net/"" target=""_blank"">Half-Life Fallout</a>",One of the better communities for Half-life content,[livelink /]
"<a href=""http://www.pcosmos.ca/mods-hl/"" target=""_blank"">pcosmos.ca</a>",Collection of Half-Life and Opposing Force Mods,[livelink /]
"<a href=""http://web.archive.org/web/20081230104122/http://nostalgia.planethalflife.gamespy.com/"" target=""_blank"">Half-Life Nostalgia Project</a>",Collection of screens and info prior to the release of Half-Life. another victim to gamespys untimely demise.,[deadlink /]
"<a href=""http://www.hlportal.de/?site=impressum"" target=""_blank"">Half-Life Portal</a>",German site covering Valves games,[livelink /]
"<a href=""http://modsentry.com/"" target=""_blank"">modsentry</a>",Great resource covering popular game mods,[livelink /]
"<a href=""http://web.archive.org/web/20080731170858/http://www.hl2dm-university.com/"" target=""_blank"">HL2DM University</a>",Half-Life 2 Deathmatch based community resource.,[deadlink /]
"<a href=""http://www.srcds.com/"" target=""_blank"">SRCDS</a>",Source Dedicated server resource,[livelink /]
"<a href=""http://aworkingpig.co.uk/"" target=""_blank"">A Working Pig</a>",Half-Life 2 Deathmatch maps and utilities,[livelink /]
"<a href=""http://metrocop.net/"" target=""_blank"">metrocop</a>","Comics from Source engines games, specifically Garrys Mod.",[livelink /]
"<a href=""http://hl2mods.ru/"" target=""_blank"">HL2 Mods.ru</a>",A Russian Mod Review site for Source Games,[livelink /]
"<a href=""http://www.headcrab.pl/"" target=""_blank"">headcrab.pl</a>",Polish community dedicated to Half-Life,[livelink /]
"<a href=""http://www.grinder74.com/"" target=""_blank"">Grinder74</a>",Another Polish community dedicated to Half-Life,[livelink /]
"<a href=""http://www.mods-inside.ru/"" target=""_blank"">Mods Inside</a>","Russian Mod community providing forums, files and reviews.",[livelink /]
"<a href=""http://www.halflifefusion.fr/"" target=""_blank"">Half-Life Fusion</a>",French site dedicated to Half-Life,[livelink /]
"<a href=""http://www.hl2spain.com/"" target=""_blank"">HL2Spain</a>",Spanish site covering everything Source,[livelink /]
"<a href=""http://www.hlspain.com/blog/"" target=""_blank"">HL Spain</a>",Spanish blog covering Half-Life 1 Mods,[livelink /]
"<a href=""https://moddota.com/"" target=""_blank"">ModDota</a>",Great resource for modding Dota II,[livelink /]
"<a href=""http://hlds101.com/"" target=""_blank"">HLDS 101</a>",Cool resource explaining how to use the Half-Life Dedicated Server,[livelink /]
"<a href=""http://halflife.neoseeker.com/wiki/Main_Page"" target=""_blank"">Half-Life Wiki</a>",Another great wiki covering Half-Life,[livelink /]
"<a href=""http://forums.steampowered.com/forums/"" target=""_blank"">Steampowered Forums</a>",The Original Official Steam Forums,[livelink /]
"<a href=""http://wiki.garrysmod.com/page/Main_Page"" target=""_blank"">Garry's Mod Wiki</a>",Wiki with useful information for developers and gamers playing with Garry's Mod,[livelink /]
"<a href=""http://web.archive.org/web/20120127151804/http://sourcewiki.org/"" target=""_blank"">SourceWiki</a>","Once had some good coding tutorials and offered help, unfortunately lost.",[deadlink /]
"<a href=""http://web.archive.org/web/20050313113249/http://sourcedc.com/index.php"" target=""_blank"">Sourcedc</a>","Had some decent Mapping tutorials, Worth a look.",[deadlink /]
"<a href=""http://web.archive.org/web/20041204165429/http://www.hl2db.com/features/tutorials/index.php"" target=""_blank"">HL2DB</a>",Another lost site that had some promise back in the day.,[deadlink /]
"<a href=""http://web.archive.org/web/20041120035716/http://www.hl2modcentral.com/index.php"" target=""_blank"">hl2modcentral</a>",A site that had a wealth of useful tutorials but unfortunately lost.,[deadlink /]
"<a href=""http://web.archive.org/web/20090209221116/http://gamewag.com/hl2.html"" target=""_blank"">gamewag</a>",Links to plenty of mapping and modding tutorials based on Source,[deadlink /]
"<a href=""http://web.archive.org/web/20050205165117/http://news.leakfree.org/content.php?article"" target=""_blank"">Leakfree</a>",Some useful tutorials on mapping with Source,[deadlink /]
"<a href=""http://web.archive.org/web/20050205020205/http://www.taz00.tk/"" target=""_blank"">taz00</a>",Some useful source modding tips can be crawled here,[deadlink /]
"<a href=""http://web.archive.org/web/20050405205857/http://www.planethalflife.com/chaincraft/"" target=""_blank"">Chaincraft</a>",Olden goldie here with some very useful modding tips on goldsrc,[deadlink /]
"<a href=""http://web.archive.org/web/20070629180044/http://www.vlatitude.com/tutorials.php"" target=""_blank"">69th Vlatitude</a>",Good oldschool tuts and resources can be found here,[deadlink /]
"<a href=""http://web.archive.org/web/20070630062630/http://wadfather.planethalflife.gamespy.com/new/"" target=""_blank"">The Wadfather</a>",Contains some useful links to tutorials,[deadlink /]
"<a href=""http://web.archive.org/web/20011203122215/http://www.geocities.com/weaponworkshop/main.html"" target=""_blank"">The Weapons Workshop</a>",provided downloads to Hl Models.,[deadlink /]
"<a href=""http://web.archive.org/web/20050307153722/http://prefabs.gamedesign.net/game.php3?game_id=3&amp;num=0"" target=""_blank"">Gamedesign.net Prefabs</a>",hosted multitudes of prefabs for half-life,[deadlink /]
"<a href=""http://web.archive.org/web/20060213054249/http://www.3rdlife.net/index.php"" target=""_blank"">3rdLife</a>",very hard to crawl but was once a great tutorial resource,[deadlink /]
"<a href=""http://web.archive.org/web/20041205011609/http://www.planethalflife.com/hlbg/"" target=""_blank"">Half-Life Beginners guide</a>",Decent attempt to make it easier for newbs to come to grips with the SDK,[deadlink /]
"<a href=""http://web.archive.org/web/20051103033901/http://www.planethalflife.com/botman/balfourroad/index.shtml"" target=""_blank"">Half-Life Coding</a>",one of the best original resources for Half-Life Coding,[deadlink /]
"<a href=""http://web.archive.org/web/20041024082300/http://www.karljones.com/halflife/almanac.asp"" target=""_blank"">Handy Vandal</a>",Decent oldschool resource for half-life modding,[deadlink /]
"<a href=""http://web.archive.org/web/http://www.planethalflife.com/hlprogramming/"" target=""_blank"">Half-Life Programming</a>",Great resource for Half-Life coding,[deadlink /]
"<a href=""http://web.archive.org/web/http://www.planethalflife.com/hlsdk2/sdk2_articles.htm"" target=""_blank"">Half-Life SDK2 Resources</a>",Good site for getting up and running with the old SDK,[deadlink /]
"<a href=""http://web.archive.org/web/http://hlpp.valveworld.com/"" target=""_blank"">Half-Life Programming Planet</a>",plenty of good old tutorials here for Half-Life,[deadlink /]
"<a href=""http://hpb-bot.bots-united.com/"" target=""_blank"">Botmans Bots</a>",Decent starting point for modding the SDK,[deadlink /]
"<a href=""http://web.archive.org/web/20020812155320/http://planethalflife.com/whenitsdone/tutorials.shtml"" target=""_blank"">When its done</a>",Some tutorials on HL1 development,[deadlink /]
"<a href=""http://web.archive.org/web/http://halflife.gamedesign.net/"" target=""_blank"">Half-Life Editing Resource</a>","Similar to VERC, decent collection of tutorials here as well as downloads",[deadlink /]
"<a href=""http://web.archive.org/web/20010302131435/http://www.halflife.org/"" target=""_blank"">Half-Life.org</a>",Some interesting articles to read here,[deadlink /]
"<a href=""http://web.archive.org/web/20000918161933/http://halflifehq.com/"" target=""_blank"">Half-Life HQ</a>",Once a very busy site for Half-Life,[deadlink /]
"<a href=""http://web.archive.org/web/19991022020817/http://www.valvenews.com/"" target=""_blank"">valvenews</a>",Old site for news on Half-Life,[deadlink /]
"<a href=""http://web.archive.org/web/http://halflifeexpress.valvenews.com/"" target=""_blank"">Half Life Express</a>",Old site for news on Half-Life,[deadlink /]
"<a href=""http://web.archive.org/web/20050209082809/http://www.planetfortress.com/"" target=""_blank"">Planet Fortress</a>",Team Fortress Based fan site,[deadlink /]
"<a href=""http://web.archive.org/web/20010302015455/http://deathmatch.halflifehq.com/"" target=""_blank"">Half-Life DeathMatch Guide</a>",Guides for succeeding in HL1DM,[deadlink /]
"<a href=""http://web.archive.org/web/19990429205629/http://halflife.gamehut.com/"" target=""_blank"">Half-Life [GameHut]</a>",Old site with walkthroughs on half-life,[deadlink /]
"<a href=""http://web.archive.org/web/http://www.contaminated.net"" target=""_blank"">Contaminated</a>",Defacto place for everything half-life around its release. Closed only to re-open as Planet Half-life.,[deadlink /]
"<a href=""http://web.archive.org/web/19990902011212/http://www.contaminated.net/radium/"" target=""_blank"">Radium</a>",Old Map rating and review site,[deadlink /]
"<a href=""http://web.archive.org/web/19990902001012/http://www.contaminated.net/radiation/index.htm"" target=""_blank"">Background Radiation</a>","Unfortunately dead, this site provided prefabs back in the day",[deadlink /]
"<a href=""http://web.archive.org/web/19991127182541/http://www.halflife.net/index.html"" target=""_blank"">HalfLife.net</a>",Another Half-Life website from back in the day,[deadlink /]
"<a href=""http://web.archive.org/web/20010124075600/http://www.planethalflife.com/fixxxer/"" target=""_blank"">The Fixxxer</a>",Good collection of coding tutorials here,[deadlink /]
"<a href=""http://web.archive.org/web/20010424200619/http://www.contaminated.net/mach3/"" target=""_blank"">Mach III</a>",Decent site from the old days covering Half-Life,[deadlink /]
"<a href=""http://web.archive.org/web/20010405141514/http://hlci.valveworld.com/"" target=""_blank"">Half-life Coding Index</a>",Old site indexing the coding tutorials available for half-life,[deadlink /]
"<a href=""http://web.archive.org/web/20010204052200/http://askyahn.halflife.org/"" target=""_blank"">Ask Yahn</a>",Questions put to Valve Employee Yahn Bernier,[deadlink /]
"<a href=""http://web.archive.org/web/20050305175525/http://www.planethalflife.com/vision/"" target=""_blank"">Persistence of Vision</a>",Tutorials on creating movies in half-life,[deadlink /]
"<a href=""http://web.archive.org/web/20050204085837/http://www.planethalflife.com/studio/"" target=""_blank"">Texture Studio</a>","Old texture resource for Half-Life, contains some tutorials",[deadlink /]
"<a href=""http://archive.is/YH18Z"" target=""_blank"">NerdChow</a>",Coding tutorial for Half-Life,[deadlink /]
"<a href=""http://web.archive.org/web/20041230011011/http://www.vanillacapsule.com/mapping/pipe_interiors/"" target=""_blank"">Vanilla Capsule</a>",decent pipe tutorial for Hammer,[deadlink /]
"<a href=""http://web.archive.org/web/20010302081947/http://phineas.valveworld.com/articles.html"" target=""_blank"">Phineas Bot</a>",Bots for Half-Life and tutorials,[deadlink /]
"<a href=""http://web.archive.org/web/20080308172246/http://hl2coding.planethalflife.gamespy.com/wordpress/?"" target=""_blank"">HL2 Coding</a>",Programming Tutorials for HL2,[deadlink /]
"<a href=""http://www.worldcraft-online.com/"" target=""_blank"">WorldCraft Online</a>",Tool for creating Hammer maps from a 2D perspective,[livelink /]
"<a href=""http://web.archive.org/web/20100323054621/http://www.half-life.deltauk.net/"" target=""_blank"">HalfLife Control Unit</a>",Great web resource for Half-Life,[deadlink /]
"<a href=""http://www.hl2-beta.ru/news.php"" target=""_blank"">Half-Life Beta Project</a>",Nice little russian site covering Half-Life designed around the old steam colors.,[livelink /]
"<a href=""http://steamreview.org/"" target=""_blank"">Steam Review</a>",Site covering interesting facts about Steam,[livelink /]
"<a href=""https://steamdb.info/"" target=""_blank"">SteamDB</a>",Records all changes to steams games and products,[livelink /]
"<a href=""https://list.valvesoftware.com/mailman/listinfo/"" target=""_blank"">Official mailing lists</a>","Ask questions related to mapping, coding and steam services through each mailing list, view the archives as well!",[livelink /]
"<a href=""http://web.archive.org/web/20150812135433/http://www.cstrike-planet.com/"" target=""_blank"">Counter-Strike Planet</a>",Great old mapping resource for Counter strike.,[deadlink /]
"<a href=""http://mappingbase.de/content/"" target=""_blank"">Mapping Base</a>",Great German community for Mapping resources.,[livelink /]
"<a href=""http://www.modding-area.com/"" target=""_blank"">Modding Area</a>",Great French community for Modding resources.,[livelink /]
"<a href=""http://alienswarmsp.blogspot.de/"" target=""_blank"">Alien Swarm:Single Player Blog</a>",Great Blog based on the Single player conversion mod for Alien Swarm,[livelink /]
"<a href=""http://www.nodraw.net/"" target=""_blank"">No Draw</a>",Great Blog detailing concepts when it comes to TF2 map creation,[livelink /]
"<a href=""http://garry.tv/"" target=""_blank"">Garrys Blog</a>",From the creator of Garrys mod comes Garrys Blog...,[livelink /]
"<a href=""http://maxofs2d.net/"" target=""_blank"">MaxofS2D</a>",Gifted movie maker and modeler who worked extensively with Source...,[livelink /]
"<a href=""http://kvfilegen.appspot.com/"" target=""_blank"">KV File Generator</a>",Online tool that automatically generates a formatted .kv file based on your selection for CS:GO,[livelink /]
"<a href=""http://web.archive.org/web/20001206111900/http://nextwish.qgl.org/"" target=""_blank"">nextwish</a>",Old site with useful info on modding for GoldSrc,[deadlink /]
"<a href=""http://web.archive.org/web/20060205204014/http://www.akilling.org/akg/"" target=""_blank"">Appalachian Killing Grounds</a>",Old site with large collection of tutorials,[deadlink /]
"<a href=""http://web.archive.org/web/http://www.resourcecode.de/"" target=""_blank"">Resource Code</a>",Old site with large collection of coding tutorials written in German,[deadlink /]
"<a href=""http://www.cryotank.net/maps/links/index.html"" target=""_blank"">Jinx's Maps</a>",Great little site with some good tutorials and resources on Half-life,[livelink /]
"<a href=""http://andrej.mernik.eu/half-life/modifikacije/en.php"" target=""_blank"">100 Half-Life 1 Mods</a>",100 of Half-Life 1's best Mods hand picked by Andrej Mernik,[livelink /]
"<a href=""http://www.netday.be/games/maps/latest/"" target=""_blank"">Netday</a>",Map hosting site including but not limited to Valve Games,[livelink /]
"<a href=""http://hl-collection.ru/"" target=""_blank"">HL Collection</a>",Russian Mod hosting site dedicated to Half-Life,[livelink /]
"<a href=""https://www.ceskemody.cz/"" target=""_blank"">Ceskemody</a>",Czech Modding site with both GoldSrc and Source Content,[livelink /]
"<a href=""http://www.nashalife.ru/"" target=""_blank"">nashalife</a>",Russian Modding site for Half-Life,[livelink /]
"<a href=""http://half-life.ru/forum/"" target=""_blank"">half-life.ru</a>",Active Russian Modding Community,[livelink /]
"<a href=""http://hlfx.ru/forum/"" target=""_blank"">HLFX</a>",Active Russian Modding Community,[livelink /]
"<a href=""https://www.vossey.com/"" target=""_blank"">Vossey</a>",Active French Modding Community,[livelink /]
"<a href=""http://halflifelibrary.com/wiki/Main_Page"" target=""_blank"">Half-Life Library</a>","This site focuses more on user generated content like custom maps, modifications, videos, models, clans and more for all of Valve's games.",[livelink /]
"<a href=""http://web.archive.org/web/20130831095637/http://editingarchive.com/viewsection.php?section=Half-Life&amp;topic=Mods"" target=""_blank"">Editing Archive</a>","The Archive serves as a gathering point for people interested in games and game development. The Archive has various features to help unite the community, and bring them together.",[deadlink /]
"<a href=""http://www.svencoop.com/"" target=""_blank"">Sven Co-op</a>",Great website with a very active community for the Sven Coop Mod,[livelink /]
"<a href=""http://mortal_dev.netne.net/"" target=""_blank"">Mortal Dev</a>",Great website with links to useful resources,[livelink /]
"<a href=""http://plaguefest.com"" target=""_blank"">Plague Fest</a>",Great mapping and modding community,[livelink /]
"<a href=""http://3kliksphilip.com/"" target=""_blank"">3kliksphilip</a>",Talented CSS and CS:GO Mapper with a wealth of Tutorials,[livelink /]
"<a href=""https://sites.google.com/site/mrfunrealmods"" target=""_blank"">Mr Funeral Mods</a>",Talented Source Modder with good quality Tutorials,[livelink /]
"<a href=""http://mapeadores.com/"" target=""_blank"">Mapeadores</a>",Spanish modding Tutorials,[livelink /]
"<a href=""http://www.dying2kill.com.au/"" target=""_blank"">dying2kill</a>",Australian &amp; NewZealand based Gaming Community,[livelink /]
"<a href=""http://ammahls.com/"" target=""_blank"">ammahls</a>",Tutorials for Sven Co-op,[livelink /]
"<a href=""http://scmapdb.com/"" target=""_blank"">scmapdb</a>",Tutorials for Sven Co-op,[livelink /]
"<a href=""http://goldsourcegold.tumblr.com/"" target=""_blank"">GoldSrc Gold</a>",Exhibiting and preserving the great look and feel of Goldsource engine games &amp; mods from days gone bye.,[livelink /]
"<a href=""http://whereisgordonfreeman.com/"" target=""_blank"">Where is Gordon Freeman</a>",This website is a timeline documenting the range of fascinating events that have happened between Gordon Freeman’s most recent appearance in 2007 and his yet-to-be-announced next appearance in the franchise.,[livelink /]
"<a href=""http://www.blackmesasource.com/"" target=""_blank"">Black Mesa</a>","Black Mesa is a re-envisioning of Valve Software's classic science fiction first person shooter, Half-Life. Powered by Source Engine, You will re-visit the inaugural role of Gordon Freeman and his memorable journey through the Black Mesa Research Facility.",[livelink /]
"<a href=""http://www.sourceruns.org"" target=""_blank"">Source Runs</a>",Source runs is a great site documenting and supporting community members who attempt record breaking speed runs through GoldSrc and Source Engine games.,[livelink /]
"<a href=""https://www.jwchong.com/hl/"" target=""_blank"">Half-Life Physics Reference</a>",The Half-Life Physics Reference is a wonderful site with un-official documentation on the GoldSrc Engine.,[livelink /]
"<a href=""https://web.archive.org/web/20070210021706/http://counter-script.net/"" target=""_blank"">Counter-Script</a>",The #1 Counter-Strike Scripting Site... now gone :/,[deadlink /]
"<a href=""https://valvedev.info/"" target=""_blank"">Valve Developer Union</a>","the Valve Developer Union’s goal is to preserve the toolset and knowledge for modding Quake-based games, including games built off Valve Corporation’s GoldSrc and Source engines.",[livelink /]
"<a href=""http://www.dota2.com/"" target=""_blank"">Dota II</a>",The Official Dota 2 Website,[livelink /]
"<a href=""http://www.thinkwithportals.com/"" target=""_blank"">Thinking with Portals</a>",The Official Portal Website,[livelink /]
"<a href=""http://www.teamfortress.com/"" target=""_blank"">Team Fortress 2</a>",The Official Team Fortress Website,[livelink /]
"<a href=""http://blog.counter-strike.net/"" target=""_blank"">Counter Strike: Global Offensive, Counter Strike: Source</a>",The Official Counter-Strike Website,[livelink /]
"<a href=""http://www.l4d.com/l4d/home.php"" target=""_blank"">Left 4 Dead</a>",The Official Left 4 Dead Website,[livelink /]
"<a href=""http://www.l4d.com/"" target=""_blank"">Left 4 Dead 2</a>",The Official Left 4 Dead 2 Website,[livelink /]
"<a href=""http://www.whatistheorangebox.com/"" target=""_blank"">The Orange Box</a>",The Official Orange Box Website,[livelink /]
"<a href=""https://www.half-life.com/en/halflife"" target=""_blank"">Half-Life</a>",The Official Half-Life Website,[livelink /]
"<a href=""https://www.half-life.com/en/halflife2"" target=""_blank"">Half-Life 2</a>",The Official Half-Life 2 Website,[livelink /]
"<a href=""https://www.half-life.com/en/episode1"" target=""_blank"">Half-Life 2: Episode 1</a>",The Official Half-Life 2: Episode 1 Website,[livelink /]
"<a href=""https://www.half-life.com/en/episode2"" target=""_blank"">Half-Life 2: Episode 2</a>",The Official Half-Life 2: Episode 2 Website,[livelink /]
"<a href=""https://www.half-life.com/en/alyx"" target=""_blank"">Half-Life: Alyx</a>",The Official Half-Life: Alyx Website,[livelink /]
"<a href=""https://www.reddit.com/r/sourceengine"" target=""_blank"">/r/sourceengine</a>",/r/sourceengine,[livelink /]
"<a href=""https://www.reddit.com/r/SourceMods"" target=""_blank"">/r/SourceMods</a>",/r/SourceMods,[livelink /]
"<a href=""https://www.reddit.com/r/Hammer"" target=""_blank"">/r/Hammer</a>",/r/Hammer,[livelink /]
"<a href=""https://www.reddit.com/r/AskMappers"" target=""_blank"">/r/AskMappers</a>",/r/AskMappers,[livelink /]
"<a href=""https://www.reddit.com/r/csmapmakers"" target=""_blank"">/r/csmapmakers</a>",/r/csmapmakers,[livelink /]
"<a href=""https://www.reddit.com/r/csworkshop"" target=""_blank"">/r/csworkshop</a>",/r/csworkshop,[livelink /]
"<a href=""https://www.reddit.com/r/SFM"" target=""_blank"">/r/SFM</a>",/r/SFM,[livelink /]
"<a href=""https://www.reddit.com/r/TF2"" target=""_blank"">/r/TF2</a>",/r/TF2,[livelink /]
"<a href=""https://www.reddit.com/r/L4D2"" target=""_blank"">/r/L4D2</a>",/r/L4D2,[livelink /]
"<a href=""https://www.reddit.com/r/Portal"" target=""_blank"">/r/Portal</a>",/r/Portal,[livelink /]
"<a href=""https://www.reddit.com/r/Portal2"" target=""_blank"">/r/Portal2</a>",/r/Portal2,[livelink /]
"<a href=""https://www.reddit.com/r/Halflife"" target=""_blank"">/r/Halflife</a>",/r/Halflife,[livelink /]
"<a href=""https://www.reddit.com/r/CounterStrike"" target=""_blank"">/r/CounterStrike</a>",/r/CounterStrike,[livelink /]
"<a href=""https://www.reddit.com/r/DotA2"" target=""_blank"">/r/DotA2</a>",/r/DotA2,[livelink /]
"<a href=""https://www.reddit.com/r/steam"" target=""_blank"">/r/steam</a>",/r/steam,[livelink /]
"<a href=""https://www.reddit.com/r/valve"" target=""_blank"">/r/valve</a>",/r/valve,[livelink /]
"<a href=""https://www.reddit.com/r/Sourceengine2"" target=""_blank"">/r/Sourceengine2</a>",/r/Sourceengine2,[livelink /]
"<a href=""https://www.reddit.com/r/Portalmaps"" target=""_blank"">/r/Portalmaps</a>",/r/Portalmaps,[livelink /]
"<a href=""https://www.reddit.com/r/SourceEngineTest/"" target=""_blank"">/r/SourceEngineTest/</a>",/r/SourceEngineTest,[livelink /]
"<a href=""http://half-life.wikia.com/wiki/Main_Page"" target=""_blank"">Half-Life Wiki</a>",Encyclopedia of Half-Life,[livelink /]
"<a href=""http://halflifemachinima.wikia.com/wiki/Half_Life_Machinima_Wiki"" target=""_blank"">Half Life Machinima Wiki</a>",Encyclopedia of Half Life Machinima,[livelink /]
"<a href=""http://left4dead.wikia.com/wiki/Left_4_Dead_Wiki"" target=""_blank"">Left 4 Dead Wiki</a>",Encyclopedia of Left 4 Dead,[livelink /]
"<a href=""http://teamfortress.wikia.com/wiki/Team_Fortress_Wiki"" target=""_blank"">Team Fortress Wiki</a>",Encyclopedia of Team Fortress,[livelink /]
"<a href=""http://counterstrike.wikia.com/wiki/Counter-Strike_Wiki"" target=""_blank"">Counter Strike Wiki</a>",Encyclopedia of Counter Strike,[livelink /]
"<a href=""http://dayofdefeat.wikia.com/wiki/Day_of_Defeat_Wiki"" target=""_blank"">Day of Defeat Wiki</a>",Encyclopedia of Day of Defeat,[livelink /]
"<a href=""http://alienswarm.wikia.com/wiki/Alien_Swarm_Wiki"" target=""_blank"">Alien Swarm Wiki</a>",Encyclopedia of Alien Swarm,[livelink /]
"<a href=""http://dota.wikia.com/wiki/Defense_of_the_Ancients_Wiki"" target=""_blank"">Dota Wiki</a>",Encyclopedia of Dota,[livelink /]
"<a href=""http://halflifemods.wikia.com/wiki/Half-Life_Mods_Wiki"" target=""_blank"">Half-Life Mods Wiki</a>",Encyclopedia of Half-Life Mods,[livelink /]
"<a href=""http://www.imfdb.org/wiki/Black_Mesa"" target=""_blank"">Weapons of Black Mesa</a>",Weapons of Black Mesa,[livelink /]
"<a href=""http://www.imfdb.org/wiki/Counter-Strike"" target=""_blank"">Weapons of Counter-Strike</a>",Weapons of Counter-Strike,[livelink /]
"<a href=""http://www.imfdb.org/wiki/Counter-Strike_Online"" target=""_blank"">Weapons of Counter-Strike Online</a>",Weapons of Counter-Strike Online,[livelink /]
"<a href=""http://www.imfdb.org/wiki/Counter-Strike:_Condition_Zero"" target=""_blank"">Weapons of Counter-Strike: Condition Zero</a>",Weapons of Counter-Strike: Condition Zero,[livelink /]
"<a href=""http://www.imfdb.org/wiki/Counter-Strike:_Global_Offensive"" target=""_blank"">Weapons of Counter-Strike: Global Offensive</a>",Weapons of Counter-Strike: Global Offensive,[livelink /]
"<a href=""http://www.imfdb.org/wiki/Counter-Strike:_Source"" target=""_blank"">Weapons of Counter-Strike: Source</a>",Weapons of Counter-Strike: Source,[livelink /]
"<a href=""http://www.imfdb.org/wiki/Day_of_Defeat"" target=""_blank"">Weapons of Day of Defeat</a>",Weapons of Day of Defeat,[livelink /]
"<a href=""http://www.imfdb.org/wiki/Day_of_Defeat:_Source"" target=""_blank"">Weapons of Day of Defeat: Source</a>",Weapons of Day of Defeat: Source,[livelink /]
"<a href=""http://www.imfdb.org/wiki/Firearms:_Source"" target=""_blank"">Weapons of Firearms: Source</a>",Weapons of Firearms: Source,[livelink /]
"<a href=""http://www.imfdb.org/wiki/Half-Life"" target=""_blank"">Weapons of Half-Life</a>",Weapons of Half-Life,[livelink /]
"<a href=""http://www.imfdb.org/wiki/Half-Life_2"" target=""_blank"">Weapons of Half-Life 2</a>",Weapons of Half-Life 2,[livelink /]
"<a href=""http://www.imfdb.org/wiki/Insurgency"" target=""_blank"">Weapons of Insurgency</a>",Weapons of Insurgency,[livelink /]
"<a href=""http://www.imfdb.org/wiki/Insurgency_2"" target=""_blank"">Weapons of Insurgency 2</a>",Weapons of Insurgency 2,[livelink /]
"<a href=""http://www.imfdb.org/wiki/Left_4_Dead"" target=""_blank"">Weapons of Left 4 Dead</a>",Weapons of Left 4 Dead,[livelink /]
"<a href=""http://www.imfdb.org/wiki/Left_4_Dead_2"" target=""_blank"">Weapons of Left 4 Dead 2</a>",Weapons of Left 4 Dead 2,[livelink /]
"<a href=""http://www.imfdb.org/wiki/Team_Fortress_2"" target=""_blank"">Weapons of Team Fortress 2</a>",Weapons of Team Fortress 2,[livelink /]
"<a href=""http://www.imfdb.org/wiki/Vampire_the_Masquerade:_Bloodlines"" target=""_blank"">Weapons of Vampire the Masquerade: Bloodlines</a>",Weapons of Vampire the Masquerade: Bloodlines,[livelink /]
"<a href=""https://twitter.com/SourceFilmmaker"" target=""_blank"">Weapons of Source Film Maker</a>",Weapons of Source Film Maker,[livelink /]
"<a href=""https://twitter.com/csgo_dev"" target=""_blank"">Official twitter for CS:GO</a>",Official twitter for CS:GO,[livelink /]
"<a href=""https://twitter.com/DOTA2"" target=""_blank"">Official twitter for DOTA2</a>",Official twitter for DOTA2,[livelink /]
"<a href=""https://twitter.com/TeamFortress"" target=""_blank"">Official twitter for TF2</a>",Official twitter for TF2,[livelink /]
"<a href=""https://twitter.com/l4ddev"" target=""_blank"">Official twitter for L4D</a>",Official twitter for L4D,[livelink /]
"<a href=""https://twitter.com/valvesoftware"" target=""_blank"">Official twitter for Valve Software</a>",Official twitter for Valve Software,[livelink /]
"<a href=""https://list.valvesoftware.com/csgo_servers/"" target=""_blank"">csgo_servers</a>",Official mailing for CS:GO Servers,[livelink /]
"<a href=""https://list.valvesoftware.com/hlcoders/"" target=""_blank"">hlcoders</a>",Official mailing for Half-Life Coders,[livelink /]
"<a href=""https://list.valvesoftware.com/hlds/"" target=""_blank"">hlds</a>",Official mailing for Half-Life Dedicated Servers,[livelink /]
"<a href=""https://list.valvesoftware.com/hlds_announce/"" target=""_blank"">hlds_announce</a>",Official mailing for Half-Life Dedicated Server Announce,[livelink /]
"<a href=""https://list.valvesoftware.com/hlds_linux/"" target=""_blank"">hlds_linux</a>",Official mailing for Half-Life Dedicated Servers on Linux,[livelink /]
