Name / Description,Rating,"<img src=""https://s5.postimg.cc/gn6oq7t3b/g_cont.png"" width=""20"" height=""20"" title=""Game Tutorial Relates to!"">",Src / Author
"[tut_desc name=""How to get perfect texture rotations in Hammer"" desc=""Tutorial covering how to calculate the perfect texture rotations in hammer"" link=""http://www.isolated-design.de/tutorials/how-to-get-perfect-texture-rotations-in-hammer/"" home=0 /]",[kkratings id=309200],[HL],"[author name=""isolated-design"" alt=""isolated"" img=""https://s5.postimg.cc/i9swtil1f/isolated_author.png""]"
"[tut_desc name=""Custom Textures"" desc=""Learn how to incorporate your own custom textures into maps."" link=""https://twhl.info/wiki/page/Tutorial%3A_Custom_Textures"" download_link=""https://mega.nz/#F!NdQCHDIJ!IX7iiY5rtR48o2dhGyweEQ"" home=0 /]",[kkratings id=309201],[HL],"[author name=""atom"" alt=""twhl"" img=""https://s5.postimg.cc/whili5xqb/twhl_author.png""]"
"[tut_desc name=""Adding startup movies to your Steam mods"" desc=""So you want a movie to play, right before your Steam mod loads? Did you know that you can actually do it very simply with Steam?"" link=""http://articles.thewavelength.net/548/"" home=0 /]",[kkratings id=309202],[HL],"[author name=""Doofus"" alt=""wavelength"" img=""https://s5.postimg.cc/sntx8wjr7/wave_author.png""]"
"[tut_desc name=""Creating Custom Splash Screens for Your mod in Steam"" desc=""Just as the title says, this tutorial will explain how to create a Splash Screen for your Mod."" link=""http://articles.thewavelength.net/395/"" home=0 /]",[kkratings id=309203],[HL],"[author name=""omega"" alt=""wavelength"" img=""https://s5.postimg.cc/sntx8wjr7/wave_author.png""]"
"[tut_desc name=""Animated sprites &amp; fixing palette issues in Photoshop"" desc=""How to make animated sprites in Photoshop, and how to fix the frames of your sprites so they share the same palette."" link=""http://articles.thewavelength.net/384/"" download_link=""https://mega.nz/#F!gJZyDJoL!HqM3hAR3SGqTgUKDo5MGxw"" home=0 /]",[kkratings id=309204],[HL],"[author name=""imaculata2000"" alt=""wavelength"" img=""https://s5.postimg.cc/sntx8wjr7/wave_author.png""]"
"[tut_desc name=""Animated textures"" desc=""Making them, and getting them to work"" link=""http://articles.thewavelength.net/254/"" home=0 /]",[kkratings id=309205],[HL],"[author name=""NOmad"" alt=""wavelength"" img=""https://s5.postimg.cc/sntx8wjr7/wave_author.png""]"
"[tut_desc name=""Making a Half-Life Decal in Paint Shop Pro"" desc=""Decals are as easy as drawing in black &amp; white and saving it into the right directory."" link=""http://articles.thewavelength.net/199/"" home=0 /]",[kkratings id=309206],[HL],"[author name=""Spider"" alt=""wavelength"" img=""https://s5.postimg.cc/sntx8wjr7/wave_author.png""]"
"[tut_desc name=""Making a Half-Life Decal in Photoshop"" desc=""Decals are as easy as drawing in black &amp; white and saving it into the right directory."" link=""http://articles.thewavelength.net/198/"" home=0 /]",[kkratings id=309207],[HL],"[author name=""Spider"" alt=""wavelength"" img=""https://s5.postimg.cc/sntx8wjr7/wave_author.png""]"
"[tut_desc name=""Materials.txt"" desc=""Change the sound of your textures!"" link=""https://twhl.info/wiki/page/Tutorial%3A_Materials.txt"" download_link=""https://mega.nz/#F!MM5ATIgK!7iIKtuDMGNLJ8NQr_KxEQg"" home=0 /]",[kkratings id=309208],[HL],"[author name=""paulkennedy"" alt=""twhl"" img=""https://s5.postimg.cc/whili5xqb/twhl_author.png""]"
"[tut_desc name=""Detailed Textures in Half-Life"" desc=""Improve the look of your maps using Valve's powerful 'Detail Texture' upgrade."" link=""https://twhl.info/wiki/page/Tutorial%3A_Detailed_Textures_in_Half-Life"" download_link=""https://mega.nz/#F!4VZ2wQDa!peK-NNerqgHTBhS0OplIqA"" home=0 /]",[kkratings id=309209],[HL],"[author name=""hlife_hotdog"" alt=""twhl"" img=""https://s5.postimg.cc/whili5xqb/twhl_author.png""]"
"[tut_desc name=""Modifying the HUD"" desc=""Changing the look of your HUD in Half-Life"" link=""https://twhl.info/wiki/page/Tutorial%3A_Modifying_the_HUD"" home=0 /]",[kkratings id=309210],[HL],"[author name=""Daubster"" alt=""twhl"" img=""https://s5.postimg.cc/whili5xqb/twhl_author.png""]"
"[tut_desc name=""Custom Skyboxes for Goldsource"" desc=""Using Terragen to render and put together a custom skybox."" link=""https://twhl.info/wiki/page/Tutorial%3A_Custom_Skyboxes_for_Goldsource"" home=0 /]",[kkratings id=309211],[HL],"[author name=""JeffMOD"" alt=""twhl"" img=""https://s5.postimg.cc/whili5xqb/twhl_author.png""]"
"[tut_desc name=""The easiest way to make tileable textures with PhotoShop7 or above"" desc=""The easiest way to make tileable textures with PhotoShop7 or above"" link=""http://web.archive.org/web/20070906103113/http://www.egir.dk/index.php?page=wal_tiling/wal_tiling.htm"" home=0 /]",[kkratings id=309212],[HL],"[author name=""DaddyCool"" alt=""egirdk"" img=""https://s5.postimg.cc/c8t74sooz/egirdk.png""]"
"[tut_desc name=""Textured lightning."" desc=""Textured lightning."" link=""http://web.archive.org/web/20071022085534/http://www.freewebs.com/naigel/tutorials.htm"" home=0 /]",[kkratings id=309213],[HL],"[author name=""Naigel"" alt=""egirdk"" img=""https://s5.postimg.cc/c8t74sooz/egirdk.png""]"
"[tut_desc name=""The see through texture."" desc=""The see through texture."" link=""http://web.archive.org/web/http://www.freewebs.com/naigel/seethrough.htm"" home=0 /]",[kkratings id=309214],[HL],"[author name=""Naigel"" alt=""generic"" img=""https://s5.postimg.cc/oq1vjltkz/generic_author.png""]"
"[tut_desc name=""Adding .bmp in .wad"" desc=""OK, this tutorial is about how to make a .wad. I'm only showing how to import a .bmp into a .wad with Wally "" link=""http://web.archive.org/web/20071022085534/http://www.freewebs.com/naigel/tutorials.htm"" home=0 /]",[kkratings id=309215],[HL],"[author name=""Naigel"" alt=""generic"" img=""https://s5.postimg.cc/oq1vjltkz/generic_author.png""]"
"[tut_desc name=""The glass(es) texture(s)"" desc=""The glass(es) texture(s) "" link=""http://web.archive.org/web/http://www.freewebs.com/naigel/glass.htm"" home=0 /]",[kkratings id=309216],[HL],"[author name=""Naigel"" alt=""generic"" img=""https://s5.postimg.cc/oq1vjltkz/generic_author.png""]"
"[tut_desc name=""How to Make Transparent Textures with Wally"" desc=""How to Make Transparent Textures with Wally"" link=""http://web.archive.org/web/20071011030116/http://egir.dk/index.php?page=wal_transparent/wal_transparent.html"" home=0 /]",[kkratings id=309217],[HL],"[author name=""Robert Olesen"" alt=""egirdk"" img=""https://s5.postimg.cc/c8t74sooz/egirdk.png""]"
"[tut_desc name=""TEXTURE REDUCTION TUTORIAL"" desc=""TEXTURE REDUCTION TUTORIAL"" link=""http://web.archive.org/web/20041023120526/http://www.game-edit.org/tutorials/general/texture_reduction.html"" home=0 /]",[kkratings id=309218],[HL],"[author name=""Evile"" alt=""doe"" img=""https://s5.postimg.cc/4a8n2cuf7/doe.png""]"
"[tut_desc name=""Blast Marks using Painter"" desc=""Blast Marks using Painter"" link=""http://web.archive.org/web/http://www.game-edit.org/tutorials/general/blast_marks/blast_marks.shtml"" home=0 /]",[kkratings id=309219],[HL],"[author name=""Evile"" alt=""doe"" img=""https://s5.postimg.cc/4a8n2cuf7/doe.png""]"
"[tut_desc name=""Texture Types Info"" desc=""Texture Types Info"" link=""http://web.archive.org/web/20041010142218/http://www.slackiller.com/tommy14/hltexture.htm"" home=0 /]",[kkratings id=309220],[HL],"[author name=""tommy14"" alt=""generic"" img=""https://s5.postimg.cc/oq1vjltkz/generic_author.png""]"
"[tut_desc name=""Texture dimensions vs. appearance, memory, and r_speeds"" desc=""Texture dimensions have a significant effect on the appearance of the texture, the memory used by textures, and in a minor way on r_speeds."" link=""http://web.archive.org/web/20041010151405/http://www.slackiller.com/tommy14/tex-dimensions.htm"" home=0 /]",[kkratings id=309221],[HL],"[author name=""tommy14"" alt=""generic"" img=""https://s5.postimg.cc/oq1vjltkz/generic_author.png""]"
"[tut_desc name=""Making Decals"" desc=""Decals are images that you can 'spray-paint' on walls to...um make a statement. Making decals is extremely easy, so let's get to it."" link=""http://web.archive.org/web/20081003012539/http://www.vlatitude.com/tutorials.php?tutID=28"" home=0 /]",[kkratings id=309222],[HL],"[author name=""Vlad"" alt=""vlatitude"" img=""https://s5.postimg.cc/o6iv6hwjn/vlatitude.png""]"
"[tut_desc name=""Making Textures and Wads"" desc=""Im no texture making expert, but ill give you what I believe to me the way to make textures and wads, wait keep reading!"" link=""http://web.archive.org/web/20151029151351/http://www.slackiller.com/tutorials/tutorials/makingtextures.htm"" home=0 /]",[kkratings id=309223],[HL],"[author name=""Eyeronik"" alt=""eyeronik"" img=""https://s5.postimg.cc/7sbwqmxhf/eyeronik.png""]"
"[tut_desc name=""Half-Life Full Crosshair Tutorial."" desc=""Half-Life Full Crosshair Tutorial."" link=""http://web.archive.org/web/20041212012204/http://www.planethalflife.com/cc/800/tutors/xhairs3.htm"" home=0 /]",[kkratings id=309224],[HL],"[author name=""Crosshair Central"" alt=""generic"" img=""https://s5.postimg.cc/oq1vjltkz/generic_author.png""]"
"[tut_desc name=""HalfLife Crosshair Tutorial. From concept to reality. "" desc=""HalfLife Crosshair Tutorial. From concept to reality. "" link=""http://web.archive.org/web/http://www.planethalflife.com/cc/800/tutors/con2real.htm"" home=0 /]",[kkratings id=309225],[HL],"[author name=""Crosshair Central"" alt=""generic"" img=""https://s5.postimg.cc/oq1vjltkz/generic_author.png""]"
"[tut_desc name=""Developing Photo Textures Using PanoTools"" desc=""A small little tutorial on how to turn an object from a digital photo into a reasonable texture."" link=""http://web.archive.org/web/20041010035134/http://countermap.counter-strike.net/Tutorials/tutorial.php?id=55"" home=0 /]",[kkratings id=309226],[CS],"[author name=""ginsengavenger"" alt=""counter-map"" img=""https://s5.postimg.cc/w4mxj05j7/counter_map.png""]"
"[tut_desc name=""Info tutorial on texture types"" desc=""This is NOT a tutorial on how to make textures. Instead, here are all the texture types I know of, the symbols their names should start with, roughly what they do, and some of the potential problems."" link=""http://web.archive.org/web/20041010035134/http://countermap.counter-strike.net/Tutorials/tutorial.php?id=53"" home=0 /]",[kkratings id=309227],[CS],"[author name=""Tommy14 "" alt=""counter-map"" img=""https://s5.postimg.cc/w4mxj05j7/counter_map.png""]"
"[tut_desc name=""Texturing Techniques (PS Filters, And Features)"" desc=""jOeSmOe gives us a tutorial on advanced texturing using PhotoShop."" link=""http://web.archive.org/web/20041119022353/http://countermap.counter-strike.net/Tutorials/tutorial.php?id=38"" home=0 /]",[kkratings id=309228],[CS],"[author name=""jOeSmOe"" alt=""counter-map"" img=""https://s5.postimg.cc/w4mxj05j7/counter_map.png""]"
"[tut_desc name=""The key to making good tileable textures"" desc=""Relic explains the techniques on how to make textures that tile seamlessly."" link=""http://web.archive.org/web/20041119022111/http://countermap.counter-strike.net/Tutorials/tutorial.php?id=37"" home=0 /]",[kkratings id=309229],[CS],"[author name=""Relic25"" alt=""counter-map"" img=""https://s5.postimg.cc/w4mxj05j7/counter_map.png""]"
"[tut_desc name=""Making good WADS for distribution"" desc=""A few notes on what seems to ""help"" with making wads easy to distribute and use."" link=""http://web.archive.org/web/20041119021101/http://countermap.counter-strike.net/Tutorials/tutorial.php?id=33"" home=0 /]",[kkratings id=309230],[CS],"[author name=""Waldo"" alt=""counter-map"" img=""https://s5.postimg.cc/w4mxj05j7/counter_map.png""]"
"[tut_desc name=""The GoldSrc Spraylogo Introduction"" desc=""What are spraylogos? Spraylogos are images you can place on most surfaces multiplayer games, with the exception of models."" link=""http://www.the303.org/tutorials/goldsrcspraylogo.html"" home=0 /]",[kkratings id=309231],[HL],"[author name=""TheCorp303"" alt=""303"" img=""https://s5.postimg.cc/h73wmuegz/303_mini.png""]"
"[tut_desc name=""The GoldSrc Spraylogo Tutorial 1 - Creating a Spray"" desc=""Our first tutorial is creating a Simple spray"" link=""http://www.the303.org/tutorials/goldspray01.html"" home=0 /]",[kkratings id=309232],[HL],"[author name=""TheCorp303"" alt=""303"" img=""https://s5.postimg.cc/h73wmuegz/303_mini.png""]"
"[tut_desc name=""The GoldSrc Spraylogo Tutorial 2 - Creating a Spray With Transparency"" desc=""Create a Simple Spray with Transparency"" link=""http://www.the303.org/tutorials/goldspray01.html"" home=0 /]",[kkratings id=309233],[HL],"[author name=""TheCorp303"" alt=""303"" img=""https://s5.postimg.cc/h73wmuegz/303_mini.png""]"
"[tut_desc name=""GoldSrc Map Texture Tutorial - Introduction"" desc=""Creating Textures for GoldSrc Mapping"" link=""http://www.the303.org/tutorials/gold_texture.htm"" home=0 /]",[kkratings id=309234],[HL],"[author name=""TheCorp303"" alt=""303"" img=""https://s5.postimg.cc/h73wmuegz/303_mini.png""]"
"[tut_desc name=""GoldSrc Map Texture Tutorial - Part 1"" desc=""PART1 SIMPLE TEXTURES AND WAD PACKING"" link=""http://www.the303.org/tutorials/gold_texture_p1.htm"" home=0 /]",[kkratings id=309235],[HL],"[author name=""TheCorp303"" alt=""303"" img=""https://s5.postimg.cc/h73wmuegz/303_mini.png""]"
"[tut_desc name=""GoldSrc Map Texture Tutorial - Part 2"" desc=""PART 2 Masked Transparent textures"" link=""http://www.the303.org/tutorials/gold_texture_p2.htm"" home=0 /]",[kkratings id=309236],[HL],"[author name=""TheCorp303"" alt=""303"" img=""https://s5.postimg.cc/h73wmuegz/303_mini.png""]"
"[tut_desc name=""GoldSrc Map Texture Tutorial - Part 3"" desc=""PART3 ADDITIVE TRANSPARENT Textures"" link=""http://www.the303.org/tutorials/gold_texture_p3.htm"" home=0 /]",[kkratings id=309237],[HL],"[author name=""TheCorp303"" alt=""303"" img=""https://s5.postimg.cc/h73wmuegz/303_mini.png""]"
"[tut_desc name=""GoldSrc Map Texture Tutorial - Part 4"" desc=""Part4 ANIMATED Textures"" link=""http://www.the303.org/tutorials/gold_texture_p4.htm"" home=0 /]",[kkratings id=309238],[HL],"[author name=""TheCorp303"" alt=""303"" img=""https://s5.postimg.cc/h73wmuegz/303_mini.png""]"
"[tut_desc name=""GoldSrc Map Texture Tutorial - Part 5"" desc=""PART 5 TOGGLED AND TOGGLED ANIMATED TEXTURES"" link=""http://www.the303.org/tutorials/gold_texture_p5.htm"" home=0 /]",[kkratings id=309239],[HL],"[author name=""TheCorp303"" alt=""303"" img=""https://s5.postimg.cc/h73wmuegz/303_mini.png""]"
"[tut_desc name=""GoldSrc Map Texture Tutorial - Part 6"" desc=""PART 6 WATER Textures"" link=""http://www.the303.org/tutorials/gold_texture_p6.htm"" home=0 /]",[kkratings id=309240],[HL],"[author name=""TheCorp303"" alt=""303"" img=""https://s5.postimg.cc/h73wmuegz/303_mini.png""]"
"[tut_desc name=""Half Life Sprite List"" desc=""A definitive list of all worthy Sprites in HL"" link=""http://www.snarkpit.net/snarkpower/articles/game/cat/pn/tp/46/Sky_boxes_for_Newbies"" home=0 /]",[kkratings id=309241],[HL],"[author name=""Ferret"" alt=""snarkpit"" img=""https://s5.postimg.cc/4c8gznq6f/snarkpit.png""]"
"[tut_desc name=""Making textures"" desc=""using Wally and PhotoShop"" link=""http://www.snarkpit.net/snarkpower/articles/game/cat/pn/tp/66/Making_textures"" home=0 /]",[kkratings id=309242],[HL],"[author name=""matt"" alt=""snarkpit"" img=""https://s5.postimg.cc/4c8gznq6f/snarkpit.png""]"
"[tut_desc name=""NS-type Metal Textures"" desc=""How to make amazing metal textures like in Natural Selection"" link=""http://www.snarkpit.net/snarkpower/articles/game/cat/pn/tp/9/NS-type_Metal_Textures"" home=0 /]",[kkratings id=309243],[HL],"[author name=""Campaignjunkie"" alt=""snarkpit"" img=""https://s5.postimg.cc/4c8gznq6f/snarkpit.png""]"
"[tut_desc name=""How to make \'Transparent Textures\' the easy way."" desc=""In this tutorial I hope to demonstrate an easier way of making those pesky transparent textures that have R:G:B: blue areas that disappear when used in the Half-Life 1 engine."" link=""https://gamebanana.com/tuts/12595"" /]","[kkratings id=""309244""]",[HL],"[author name=""DiscountKiller"" alt=""gamebanana"" img=""https://s5.postimg.cc/daa8em6fr/gamebanana_author.png"" /]"
"[tut_desc name=""How to use detailtextures in a professional manner"" desc=""Pro Detail Textures"" link=""https://gamebanana.com/tuts/11852"" /]","[kkratings id=""309245""]",[HL],"[author name=""trempler"" alt=""gamebanana"" img=""https://s5.postimg.cc/daa8em6fr/gamebanana_author.png"" /]"
"[tut_desc name=""Half Life Logo Creator"" desc=""An intoduction to logos in Halflife What are logos and how can I use them?"" link=""https://gamebanana.com/tuts/10816"" /]","[kkratings id=""309246""]",[HL],"[author name=""Robster "" alt=""gamebanana"" img=""https://s5.postimg.cc/daa8em6fr/gamebanana_author.png"" /]"
"[tut_desc name=""Super easy Counter Strike 1.6 Guns skin creating !"" desc=""Before we can begin note taht that i didnt created program ! this program isn\'t for skining but i founded super easy way to do it with this program ! So lets start !"" link=""https://gamebanana.com/tuts/12435"" /]","[kkratings id=""309247""]",[CS],"[author name=""FagOut"" alt=""gamebanana"" img=""https://s5.postimg.cc/daa8em6fr/gamebanana_author.png"" /]"
"[tut_desc name=""Creating and Editing WAD Files"" desc=""Ever wanted to know how to add your own textures into VHE? Here you can find out!"" link=""https://gamebanana.com/tuts/11597"" /]","[kkratings id=""309248""]",[CS],"[author name=""Glock18"" alt=""gamebanana"" img=""https://s5.postimg.cc/daa8em6fr/gamebanana_author.png"" /]"
"[tut_desc name=""Excluding and embedding custom textures with ZHLT"" desc=""Excluding and embedding custom textures with ZHLT"" link=""https://gamebanana.com/tuts/12219"" /]","[kkratings id=""309249""]",[CS],"[author name=""cd5ssmffan"" alt=""gamebanana"" img=""https://s5.postimg.cc/daa8em6fr/gamebanana_author.png"" /]"
"[tut_desc name=""How to Add Custom Texture on a Model in CS1.6"" desc=""How to Add Custom Texture on a Model in CS1.6"" link=""https://gamebanana.com/tuts/12140"" /]","[kkratings id=""309250""]",[CS],"[author name=""Sharma"" alt=""gamebanana"" img=""https://s5.postimg.cc/daa8em6fr/gamebanana_author.png"" /]"
"[tut_desc name=""How to make your texture HD (Highpass increase)"" desc=""So, there are some people complain about my texture, I\'ll make it up to you by writing this tutorial"" link=""https://gamebanana.com/tuts/12055"" /]","[kkratings id=""309251""]",[CS],"[author name=""Mr.Headshot"" alt=""gamebanana"" img=""https://s5.postimg.cc/daa8em6fr/gamebanana_author.png"" /]"
"[tut_desc name=""Preserving Details (Blending Modes)"" desc=""AKA Blending Mode"" link=""https://gamebanana.com/tuts/11770"" /]","[kkratings id=""309252""]",[CS],"[author name=""Ankh"" alt=""gamebanana"" img=""https://s5.postimg.cc/daa8em6fr/gamebanana_author.png"" /]"
"[tut_desc name=""Creating your own decals"" desc=""Something useful I learned over the months of mapping with VHE."" link=""https://gamebanana.com/tuts/11679"" /]","[kkratings id=""309253""]",[CS],"[author name=""Glock18"" alt=""gamebanana"" img=""https://s5.postimg.cc/daa8em6fr/gamebanana_author.png"" /]"
"[tut_desc name=""Making (SEMI-)Transparent Textures"" desc=""Making (SEMI-)Transparent Textures"" link=""https://gamebanana.com/tuts/11661"" /]","[kkratings id=""309254""]",[CS],"[author name=""..."" alt=""gamebanana"" img=""https://s5.postimg.cc/daa8em6fr/gamebanana_author.png"" /]"
"[tut_desc name=""Transparent textures for Counterstrike 1.6 Maps"" desc=""Transparent textures for Counterstrike 1.6 Maps"" link=""https://gamebanana.com/tuts/11542"" /]","[kkratings id=""309255""]",[CS],"[author name=""Akshit Saklani"" alt=""gamebanana"" img=""https://s5.postimg.cc/daa8em6fr/gamebanana_author.png"" /]"
"[tut_desc name=""Making Textile textures for skinning"" desc=""Making Textile textures for skinning"" link=""https://gamebanana.com/tuts/11499"" /]","[kkratings id=""309256""]",[CS],"[author name=""Klint"" alt=""gamebanana"" img=""https://s5.postimg.cc/daa8em6fr/gamebanana_author.png"" /]"
"[tut_desc name=""How To Make Sprite For A Skin."" desc=""How To Make Sprite For A Skin."" link=""https://gamebanana.com/tuts/11496"" /]","[kkratings id=""309257""]",[CS],"[author name=""Kokorov"" alt=""gamebanana"" img=""https://s5.postimg.cc/daa8em6fr/gamebanana_author.png"" /]"
"[tut_desc name=""How to make a muzzleflash in Gimp."" desc=""How to make a muzzleflash in Gimp."" link=""https://gamebanana.com/tuts/11318"" /]","[kkratings id=""309258""]",[CS],"[author name="" Kokorov"" alt=""gamebanana"" img=""https://s5.postimg.cc/daa8em6fr/gamebanana_author.png"" /]"
"[tut_desc name=""How to use Texlights"" desc=""How to use Texlights"" link=""https://gamebanana.com/tuts/11301"" /]","[kkratings id=""309259""]",[CS],"[author name=""Rageline"" alt=""gamebanana"" img=""https://s5.postimg.cc/daa8em6fr/gamebanana_author.png"" /]"
"[tut_desc name=""How To Make A Transparent Radar"" desc=""Hello, in this tutorial I will teach you, how to make your own transparent radar. There is a tutorial for solid radars, but it explains only the basics and it doesn\'t cover the transparent radars.
"" link=""https://gamebanana.com/tuts/11195"" /]","[kkratings id=""309260""]",[CS],"[author name=""Kokorov"" alt=""gamebanana"" img=""https://s5.postimg.cc/daa8em6fr/gamebanana_author.png"" /]"
"[tut_desc name=""Create your very own menu background"" desc=""Create your very own menu background"" link=""https://gamebanana.com/tuts/11169"" download_link=""https://files.gamebanana.com/tools/cake_v01_2.zip"" /]","[kkratings id=""309261""]",[CS],"[author name=""natko"" alt=""gamebanana"" img=""https://s5.postimg.cc/daa8em6fr/gamebanana_author.png"" /]"
"[tut_desc name=""Making a custom crosshair in CS and HL"" desc=""Making a custom crosshair in CS and HL"" link=""https://gamebanana.com/tuts/11168"" download_link=""http://files.gamebanana.com/bitpit/redesign.zip"" /]","[kkratings id=""309262""]",[game_multi],"[author name="" natko"" alt=""gamebanana"" img=""https://s5.postimg.cc/daa8em6fr/gamebanana_author.png"" /]"
"[tut_desc name=""How to do Realistic Shine"" desc=""Hey, today I\'m going to show you a easy to use but not well known technique using chrome that gives a realistic shine and reflection."" link=""https://gamebanana.com/tuts/11167"" /]","[kkratings id=""309263""]",[CS],"[author name=""DoomMarine23"" alt=""gamebanana"" img=""https://s5.postimg.cc/daa8em6fr/gamebanana_author.png"" /]"
"[tut_desc name=""How to Retexture in Photoshop for CS (CS Rn\'RG)"" desc=""This is a HIGH DETAILED tutorial. The first one of two about texturing and rendering using Photoshop and HLMV for Counter-Strike and Half-Life."" link=""https://gamebanana.com/tuts/11063"" /]","[kkratings id=""309264""]",[CS],"[author name=""natko"" alt=""gamebanana"" img=""https://s5.postimg.cc/daa8em6fr/gamebanana_author.png"" /]"
"[tut_desc name=""Changing weapon textures"" desc=""This tutorial is for BEGINNERS, yes BEGINNERS and for those who don\'t know how to change the extra textures between weapons if the extra texture is provided."" link=""https://gamebanana.com/tuts/11049"" /]","[kkratings id=""309265""]",[CS],"[author name=""natko"" alt=""gamebanana"" img=""https://s5.postimg.cc/daa8em6fr/gamebanana_author.png"" /]"
"[tut_desc name=""Brief guide about realigning textures"" desc=""Brief guide about realigning textures
Brief guide about realigning textures"" link=""https://web.archive.org/web/20081011054448/http://homepage.ntlworld.com/scitzo/guidealign.html"" /]","[kkratings id=""309266""]",[CS],"[author name=""MaRzY"" alt=""generic"" img=""https://s5.postimg.cc/oq1vjltkz/generic_author.png"" /]"
"[tut_desc name=""Camouflage/Cloth Skinning Tutorial"" desc=""Camouflage/Cloth Skinning Tutorial"" link=""https://gamebanana.com/tuts/11016"" /]","[kkratings id=""309267""]",[CS],"[author name=""natko"" alt=""gamebanana"" img=""https://s5.postimg.cc/daa8em6fr/gamebanana_author.png"" /]"
"[tut_desc name=""How to make a custom spray for CS 1.6"" desc=""How to make a custom spray for CS 1.6"" link=""https://gamebanana.com/tuts/10963"" /]","[kkratings id=""309268""]",[CS],"[author name=""Akshit Saklani"" alt=""gamebanana"" img=""https://s5.postimg.cc/daa8em6fr/gamebanana_author.png"" /]"
"[tut_desc name=""How To Make Transparent Thingy Work"" desc=""How To Make Transparent Thingy Work"" link=""https://gamebanana.com/tuts/10764"" /]","[kkratings id=""309269""]",[CS],"[author name=""(Tikus Kali)"" alt=""gamebanana"" img=""https://s5.postimg.cc/daa8em6fr/gamebanana_author.png"" /]"
"[tut_desc name=""How to create overview for CS 1.6 map"" desc=""Steps to creation overview"" link=""https://gamebanana.com/tuts/10738"" /]","[kkratings id=""309270""]",[CS],"[author name="" SickiX"" alt=""gamebanana"" img=""https://s5.postimg.cc/daa8em6fr/gamebanana_author.png"" /]"
"[tut_desc name=""How to make a solid radar"" desc=""In this Tutorial I will attempt to learn you how to make a solid radar with transparent areas. It\'s not really hard when you understand what we\'re doing."" link=""https://gamebanana.com/tuts/10723"" /]","[kkratings id=""309271""]",[CS],"[author name=""-bastard-"" alt=""gamebanana"" img=""https://s5.postimg.cc/daa8em6fr/gamebanana_author.png"" /]"
"[tut_desc name="" Installing GUIs/Sprites"" desc=""Installing GUIs/Sprites"" link=""https://gamebanana.com/tuts/10515"" /]","[kkratings id=""309272""]",[CS],"[author name=""natko"" alt=""gamebanana"" img=""https://s5.postimg.cc/daa8em6fr/gamebanana_author.png"" /]"
"[tut_desc name=""Adding Custom Sprays"" desc=""Adding Custom Sprays"" link=""https://gamebanana.com/tuts/10512"" /]","[kkratings id=""309273""]",[CS],"[author name=""natko"" alt=""gamebanana"" img=""https://s5.postimg.cc/daa8em6fr/gamebanana_author.png"" /]"
"[tut_desc name=""How to make skys for cs 1.6"" desc=""In this tutorial i will show you how to make a sky texture for cs 1.6 "" link=""https://gamebanana.com/tuts/10438"" /]","[kkratings id=""309274""]",[CS],"[author name=""Mr.Rampage"" alt=""gamebanana"" img=""https://s5.postimg.cc/daa8em6fr/gamebanana_author.png"" /]"
"[tut_desc name=""Light Environment"" desc=""Light Environment"" link=""https://gamebanana.com/tuts/10299"" /]","[kkratings id=""309275""]",[CS],"[author name="" Tatu Eugen"" alt=""gamebanana"" img=""https://s5.postimg.cc/daa8em6fr/gamebanana_author.png"" /]"
"[tut_desc name=""Wadinclude in bsp"" desc=""Wadinclude in bsp"" link=""https://gamebanana.com/tuts/10264"" /]","[kkratings id=""309276""]",[CS],"[author name="" Tatu Eugen"" alt=""gamebanana"" img=""https://s5.postimg.cc/daa8em6fr/gamebanana_author.png"" /]"
"[tut_desc name=""Lights Textures"" desc=""Lights Textures"" link=""https://gamebanana.com/tuts/10260"" /]","[kkratings id=""309277""]",[CS],"[author name="" Tatu Eugen"" alt=""gamebanana"" img=""https://s5.postimg.cc/daa8em6fr/gamebanana_author.png"" /]"
"[tut_desc name=""How to create team colored"" desc=""How to create team colored"" link=""https://gamebanana.com/tuts/11862"" /]","[kkratings id=""309278""]",[TFC],"[author name="" Ezequiel-TM"" alt=""gamebanana"" img=""https://s5.postimg.cc/daa8em6fr/gamebanana_author.png"" /]"
"[tut_desc name=""How To Recolor Texture"" desc=""How To Recolor Texture"" link=""https://gamebanana.com/tuts/10767"" /]","[kkratings id=""309279""]",[CSCZ],"[author name=""MakarovVR"" alt=""gamebanana"" img=""https://s5.postimg.cc/daa8em6fr/gamebanana_author.png"" /]"
"[tut_desc name=""How to fix texture missaligments"" desc=""A simple tutorial for fixing texture missaligments"" link=""https://gamebanana.com/tuts/10384"" /]","[kkratings id=""309280""]",[CSCZ],"[author name=""Crash"" alt=""gamebanana"" img=""https://s5.postimg.cc/daa8em6fr/gamebanana_author.png"" /]"
"[tut_desc name=""How to make a model transparent"" desc=""How to make a model transparent"" link=""https://gamebanana.com/tuts/9670"" /]","[kkratings id=""309281""]",[CSCZ],"[author name=""Neytiri"" alt=""gamebanana"" img=""https://s5.postimg.cc/daa8em6fr/gamebanana_author.png"" /]"
"[tut_desc name=""Hands/Recoloring"" desc=""Hands/Recoloring"" link=""https://gamebanana.com/tuts/3888"" /]","[kkratings id=""309282""]",[CSCZ],"[author name=""Y3TTER"" alt=""gamebanana"" img=""https://s5.postimg.cc/daa8em6fr/gamebanana_author.png"" /]"
"[tut_desc name=""Overview Image"" desc=""Overview Image"" link=""https://gamebanana.com/tuts/2908"" /]","[kkratings id=""309283""]",[CSCZ],"[author name=""manoj"" alt=""gamebanana"" img=""https://s5.postimg.cc/daa8em6fr/gamebanana_author.png"" /]"
"[tut_desc name=""Entity system in goldsrc"" desc=""In this tutorial, I will show you how do entities in cs 1.6"" link=""http://cstrikemapping.blogspot.com/2011/11/entity-system-in-goldsrc.html"" /]","[kkratings id=""309284""]",[CS],"[author name=""shash7"" alt=""generic"" img=""https://s5.postimg.cc/oq1vjltkz/generic_author.png"" /]"
"[tut_desc name=""The GoldSrc Spraylogo Tutorial 4 - Slightly higher resolution Sven Co-Op spray using wally"" desc=""Slightly higher resolution Sven Co-Op spray using wally"" link=""http://the303.org/tutorials/goldspray03.html"" /]","[kkratings id=""309285""]",[HL],"[author name=""TheCorp303"" alt=""303"" img=""https://s5.postimg.cc/h73wmuegz/303_mini.png"" /]"
"[tut_desc name=""GoldSrc Sprite Tutorial - PART1: Normal Sprites"" desc=""PART1: Normal Sprites"" link=""http://the303.org/tutorials/gold_sprite_p1.htm"" /]","[kkratings id=""309286""]",[HL],"[author name=""TheCorp303"" alt=""303"" img=""https://s5.postimg.cc/h73wmuegz/303_mini.png"" /]"
"[tut_desc name=""GoldSrc Sprite Tutorial - Introduction"" desc=""Introduction"" link=""http://the303.org/tutorials/gold_sprite.htm"" /]","[kkratings id=""309287""]",[HL],"[author name=""TheCorp303"" alt=""303"" img=""https://s5.postimg.cc/h73wmuegz/303_mini.png"" /]"
"[tut_desc name=""GoldSrc Sprite Tutorial - PART4: Masked Sprites"" desc=""PART4: Masked Sprites"" link=""http://the303.org/tutorials/gold_sprite_p4.htm"" /]","[kkratings id=""309288""]",[HL],"[author name=""TheCorp303"" alt=""303"" img=""https://s5.postimg.cc/h73wmuegz/303_mini.png"" /]"
"[tut_desc name=""GoldSrc Sprite Tutorial - PART5: Animated Sprites"" desc=""PART5: Animated Sprites"" link=""http://the303.org/tutorials/gold_sprite_p5.htm"" /]","[kkratings id=""309289""]",[HL],"[author name=""TheCorp303"" alt=""303"" img=""https://s5.postimg.cc/h73wmuegz/303_mini.png"" /]"
"[tut_desc name=""GoldSrc Map Texture Tutorial - Part 8"" desc=""Custom Skies"" link=""http://the303.org/tutorials/gold_texture_p8.htm"" /]","[kkratings id=""309290""]",[HL],"[author name=""TheCorp303"" alt=""303"" img=""https://s5.postimg.cc/h73wmuegz/303_mini.png"" /]"
"[tut_desc name=""GoldSrc Map Texture Tutorial - Part 9"" desc=""DETAIL Textures"" link=""http://the303.org/tutorials/gold_texture_p9.htm"" /]","[kkratings id=""309291""]",[HL],"[author name=""TheCorp303"" alt=""303"" img=""https://s5.postimg.cc/h73wmuegz/303_mini.png"" /]"
"[tut_desc name=""GoldSrc Map Texture Tutorial - Part 10"" desc=""Batch Conversion"" link=""http://the303.org/tutorials/gold_texture_p10.htm"" /]","[kkratings id=""309292""]",[HL],"[author name=""TheCorp303"" alt=""303"" img=""https://s5.postimg.cc/h73wmuegz/303_mini.png"" /]"
"[tut_desc name=""Batch image processing transparency method "" desc=""Batch image processing transparency method "" link=""https://forums.svencoop.com/showthread.php/43322-Batch-image-processing-transparency-method"" /]","[kkratings id=""309293""]","<img class=""alignleft"" id=""tut_game_result"" alt=""Game"" src=""https://s5.postimg.cc/9xfocx7b7/unknown.png"" width=""22"" height=""22"">","[author name=""The303"" alt=""sven"" img=""https://s5.postimg.cc/h27a4jwgn/sven_author.png"" /]"
"[tut_desc name=""makels and qlumpy explination"" desc=""makels and qlumpy explination"" link=""https://forums.svencoop.com/showthread.php/43462-makels-and-qlumpy-explaination-but-Half-Life-SDK-from-Steam-is-missunderstanding"" /]","[kkratings id=""309294""]","<img class=""alignleft"" id=""tut_game_result"" alt=""Game"" src=""https://s5.postimg.cc/9xfocx7b7/unknown.png"" width=""22"" height=""22"">","[author name=""SourceSkyBoxer"" alt=""sven"" img=""https://s5.postimg.cc/h27a4jwgn/sven_author.png"" /]"
"[tut_desc name="" Lifts, Moving Platform and Elevators."" desc="" Lifts, Moving Platform and Elevators."" link=""https://forums.svencoop.com/showthread.php/41389-Tutorial-1-Making-Simple-Lifts-(using-func_plat-func_door-or-func_train-)"" download_link=""https://web.archive.org/web/20180622171541/https://forums.svencoop.com/attachment.php?attachmentid=15627&d=1388869550"" /]","[kkratings id=""309295""]","<img class=""alignleft"" id=""tut_game_result"" alt=""Game"" src=""https://s5.postimg.cc/9xfocx7b7/unknown.png"" width=""22"" height=""22"">","[author name=""wolf-3d"" alt=""sven"" img=""https://s5.postimg.cc/h27a4jwgn/sven_author.png"" /]"
"[tut_desc name=""Creating Sprites for Half-Life"" desc=""Making sprites for Half-Life is an easy way to add visual appeal to any new map or add-on that you create."" link=""https://web.archive.org/web/20010417035421/http://www.planethalflife.com:80/wavelength/2dart/tutorials/SpriteTutorial.html"" /]","[kkratings id=""309296""]",[HL],"[author name=""valve"" alt=""wavelength"" img=""https://s5.postimg.cc/sntx8wjr7/wave_author.png"" /]"
"[tut_desc name=""Editing .mdl Skins"" desc=""This tutorial covers how to use the Model Viewer from the Half-Life Workshop to edit skins for .mdl files using the Recon Grunt as an example."" link=""https://web.archive.org/web/20011023034037/http://www.planethalflife.com:80/wavelength/2dart/tutorials/mdlskins.html"" /]","[kkratings id=""309297""]",[HL],"[author name=""Spider"" alt=""wavelength"" img=""https://s5.postimg.cc/sntx8wjr7/wave_author.png"" /]"
"[tut_desc name=""Creating Custom Menu Art for the Half-Life Launcher"" desc=""This tutorial will explain how to create and implement custom graphics for the Half-life menu system. "" link=""https://web.archive.org/web/20011106131750/http://www.planethalflife.com:80/wavelength/2Dart/tutorials/MenuTutorial.html"" /]","[kkratings id=""309298""]",[HL],"[author name=""dr. angryman"" alt=""wavelength"" img=""https://s5.postimg.cc/sntx8wjr7/wave_author.png"" /]"
"[tut_desc name=""Half-Life Sprite Tutorial"" desc=""Half-Life Sprite Tutorial"" link=""https://web.archive.org/web/20011006043240/http://www.planethalflife.com:80/wavelength/2dart/tutorials/sprites.html"" /]","[kkratings id=""309299""]",[HL],"[author name=""Spider"" alt=""wavelength"" img=""https://s5.postimg.cc/sntx8wjr7/wave_author.png"" /]"
"[tut_desc name=""Creating Textures and Texture WADs for Half-Life"" desc=""Creating Textures and Texture WADs for Half-Life"" link=""https://web.archive.org/web/20011006105149/http://www.planethalflife.com:80/wavelength/2dart/tutorials/TextureTutorial.html"" /]","[kkratings id=""309300""]",[HL],"[author name=""valve"" alt=""wavelength"" img=""https://s5.postimg.cc/sntx8wjr7/wave_author.png"" /]"
"[tut_desc name=""Creating a 24 Bit Texture From Scratch"" desc=""Creating a 24 Bit Texture From Scratch"" link=""https://web.archive.org/web/20011102235359/http://www.planethalflife.com:80/wavelength/2Dart/tutorials/texturetutorial01.html"" /]","[kkratings id=""309301""]",[HL],"[author name=""ApocX"" alt=""wavelength"" img=""https://s5.postimg.cc/sntx8wjr7/wave_author.png"" /]"
"[tut_desc name=""Half-Life Deathmatch Skin files"" desc=""Half-Life Deathmatch Skin files"" link=""https://web.archive.org/web/20011106132150/http://www.planethalflife.com:80/wavelength/2Dart/tutorials/SkinTutorial.html"" /]","[kkratings id=""309302""]",[HL],"[author name=""Spider"" alt=""wavelength"" img=""https://s5.postimg.cc/sntx8wjr7/wave_author.png"" /]"
"[tut_desc name=""Mirar\'s sprite guide."" desc=""mostly broken sprite guide"" link=""https://web.archive.org/web/20000309214305/http://www.mirar.org:80/half-life/sprites/sprites.html"" /]","[kkratings id=""309303""]",[HL],"[author name=""Mirar"" alt=""generic"" img=""https://s5.postimg.cc/oq1vjltkz/generic_author.png"" /]"
"[tut_desc name=""Making a texture start to finish"" desc=""Making a texture start to finish"" link=""https://web.archive.org/web/20010521145121/http://www.loonygames.com:80/content/1.11/gc/"" /]","[kkratings id=""309304""]","<img class=""alignleft"" id=""tut_game_result"" alt=""Game"" src=""https://s5.postimg.cc/9xfocx7b7/unknown.png"" width=""22"" height=""22"">","[author name=""shaithis"" alt=""generic"" img=""https://s5.postimg.cc/oq1vjltkz/generic_author.png"" /]"
"[tut_desc name=""General Texture Tips"" desc=""General Texture Tips"" link=""https://web.archive.org/web/20010617132730/http://www.loonygames.com:80/content/1.17/gc/"" /]","[kkratings id=""309305""]",[HL],"[author name=""shaithis"" alt=""generic"" img=""https://s5.postimg.cc/oq1vjltkz/generic_author.png"" /]"
"[tut_desc name=""Creating a Hand Drawn Texture"" desc=""Creating a Hand Drawn Texture"" link=""https://web.archive.org/web/20010617133321/http://www.loonygames.com:80/content/1.19/gc/"" /]","[kkratings id=""309306""]","<img class=""alignleft"" id=""tut_game_result"" alt=""Game"" src=""https://s5.postimg.cc/9xfocx7b7/unknown.png"" width=""22"" height=""22"">","[author name=""shaithis"" alt=""generic"" img=""https://s5.postimg.cc/oq1vjltkz/generic_author.png"" /]"
"[tut_desc name=""Creating a Hand Drawn Texture (part two)"" desc=""Creating a Hand Drawn Texture (part two)"" link=""https://web.archive.org/web/20010502060808/http://www.loonygames.com:80/content/1.23/gc/"" /]","[kkratings id=""309307""]","<img class=""alignleft"" id=""tut_game_result"" alt=""Game"" src=""https://s5.postimg.cc/9xfocx7b7/unknown.png"" width=""22"" height=""22"">","[author name=""shaithis"" alt=""generic"" img=""https://s5.postimg.cc/oq1vjltkz/generic_author.png"" /]"
"[tut_desc name=""Making ENV. Maps with Bryce 2"" desc=""Making ENV. Maps with Bryce 2"" link=""https://web.archive.org/web/20010417012755/http://www.gamedesign.net:80/quake2/tutorials/bryce2/bryce2.shtml"" /]","[kkratings id=""309308""]","<img class=""alignleft"" id=""tut_game_result"" alt=""Game"" src=""https://s5.postimg.cc/9xfocx7b7/unknown.png"" width=""22"" height=""22"">","[author name=""rust"" alt=""rust"" img=""https://s5.postimg.cc/77imzcj5v/rust.png"" /]"
"[tut_desc name=""Environmental Maps"" desc=""Environmental Maps"" link=""https://web.archive.org/web/20010417014411/http://www.gamedesign.net:80/quake2/tutorials/env_maps/env_maps.shtml"" /]","[kkratings id=""309309""]","<img class=""alignleft"" id=""tut_game_result"" alt=""Game"" src=""https://s5.postimg.cc/9xfocx7b7/unknown.png"" width=""22"" height=""22"">","[author name=""rust"" alt=""rust"" img=""https://s5.postimg.cc/77imzcj5v/rust.png"" /]"
"[tut_desc name=""Creating Skies With Terragen"" desc=""Creating Skies With Terragen"" link=""https://web.archive.org/web/20010427211531/http://www.telefragged.com:80/soup/terra_tut/terra_tut.htm"" /]","[kkratings id=""309310""]","<img class=""alignleft"" id=""tut_game_result"" alt=""Game"" src=""https://s5.postimg.cc/9xfocx7b7/unknown.png"" width=""22"" height=""22"">","[author name=""soup"" alt=""generic"" img=""https://s5.postimg.cc/oq1vjltkz/generic_author.png"" /]"
"[tut_desc name=""How To Use Environment Maps"" desc=""How To Use Environment Maps"" link=""https://web.archive.org/web/20010418212258/http://www.telefragged.com:80/soup/envmapusage.htm"" /]","[kkratings id=""309311""]","<img class=""alignleft"" id=""tut_game_result"" alt=""Game"" src=""https://s5.postimg.cc/9xfocx7b7/unknown.png"" width=""22"" height=""22"">","[author name=""soup"" alt=""generic"" img=""https://s5.postimg.cc/oq1vjltkz/generic_author.png"" /]"
"[tut_desc name=""Wadfather Colour Spray Tutorials"" desc=""Wadfather Colour Spray Tutorials"" link=""https://web.archive.org/web/20010424094835/http://wadfather.game-edit.com:80/spraypaint/wadfather_createbmp.htm"" /]","[kkratings id=""309312""]","<img class=""alignleft"" id=""tut_game_result"" alt=""Game"" src=""https://s5.postimg.cc/9xfocx7b7/unknown.png"" width=""22"" height=""22"">","[author name=""Un_ethical"" alt=""generic"" img=""https://s5.postimg.cc/oq1vjltkz/generic_author.png"" /]"
"[tut_desc name=""Wadfather Colour Spray Tutorials"" desc=""Wadfather Colour Spray Tutorials"" link=""https://web.archive.org/web/20010424095515/http://wadfather.game-edit.com:80/spraypaint/wadfather_palette.htm"" /]","[kkratings id=""309313""]","<img class=""alignleft"" id=""tut_game_result"" alt=""Game"" src=""https://s5.postimg.cc/9xfocx7b7/unknown.png"" width=""22"" height=""22"">","[author name=""Un_ethical"" alt=""generic"" img=""https://s5.postimg.cc/oq1vjltkz/generic_author.png"" /]"
